GEO.id,GEO.id2,GEO.display-label,GCT_STUB.target-geo-id,GCT_STUB.target-geo-id2,GCT_STUB.display-label,GCT_STUB.display-label,HD01,HD02,SUBHD0301,SUBHD0302,SUBHD0303,SUBHD0401,SUBHD0402
Id,Id2,Geography,Target Geo Id,Target Geo Id2,Geographic area,Geographic area,Population,Housing units,Area in square miles - Total area,Area in square miles - Water area,Area in square miles - Land area,Density per square mile of land area - Population,Density per square mile of land area - Housing units
0500000US42101,42101,"Philadelphia County, Pennsylvania",0500000US42101,42101,Philadelphia County,Philadelphia County,1526006,670171,142.71,8.61,134.10,11379.5,4997.5
0500000US42101,42101,"Philadelphia County, Pennsylvania",1400000US42101000100,42101000100,Philadelphia County - Census Tract 1,Census Tract 1,3478,2696,0.27,0.00,0.27,12778.9,9905.7
0500000US42101,42101,"Philadelphia County, Pennsylvania",1400000US42101000200,42101000200,Philadelphia County - Census Tract 2,Census Tract 2,2937,1285,0.15,0.00,0.15,19888.2,8701.5
0500000US42101,42101,"Philadelphia County, Pennsylvania",1400000US42101000300,42101000300,Philadelphia County - Census Tract 3,Census Tract 3,3169,1968,0.21,0.00,0.21,14968.2,9295.5
0500000US42101,42101,"Philadelphia County, Pennsylvania",1400000US42101000401,42101000401,Philadelphia County - Census Tract 4.01,Census Tract 4.01,2125,1790,0.09,0.01,0.08,25626.6,21586.7
0500000US42101,42101,"Philadelphia County, Pennsylvania",1400000US42101000402,42101000402,Philadelphia County - Census Tract 4.02,Census Tract 4.02,3142,2709,0.12,0.00,0.12,26797.1,23104.2
0500000US42101,42101,"Philadelphia County, Pennsylvania",1400000US42101000500,42101000500,Philadelphia County - Census Tract 5,Census Tract 5,2329,797,0.17,0.00,0.17,14067.9,4814.1
0500000US42101,42101,"Philadelphia County, Pennsylvania",1400000US42101000600,42101000600,Philadelphia County - Census Tract 6,Census Tract 6,1781,814,0.07,0.00,0.07,26716.7,12210.8
0500000US42101,42101,"Philadelphia County, Pennsylvania",1400000US42101000700,42101000700,Philadelphia County - Census Tract 7,Census Tract 7,3082,2489,0.10,0.00,0.10,32358.8,26132.8
0500000US42101,42101,"Philadelphia County, Pennsylvania",1400000US42101000801,42101000801,Philadelphia County - Census Tract 8.01,Census Tract 8.01,1562,1078,0.04,0.00,0.04,40472.6,27931.8
0500000US42101,42101,"Philadelphia County, Pennsylvania",1400000US42101000803,42101000803,Philadelphia County - Census Tract 8.03,Census Tract 8.03,3601,2844,0.06,0.00,0.06,61029.6,48200.0
0500000US42101,42101,"Philadelphia County, Pennsylvania",1400000US42101000804,42101000804,Philadelphia County - Census Tract 8.04,Census Tract 8.04,3609,3066,0.06,0.00,0.06,64263.1,54594.3
0500000US42101,42101,"Philadelphia County, Pennsylvania",1400000US42101000901,42101000901,Philadelphia County - Census Tract 9.01,Census Tract 9.01,2276,1877,0.04,0.00,0.04,55869.7,46075.3
0500000US42101,42101,"Philadelphia County, Pennsylvania",1400000US42101000902,42101000902,Philadelphia County - Census Tract 9.02,Census Tract 9.02,2773,1582,0.06,0.00,0.06,46286.7,26406.6
0500000US42101,42101,"Philadelphia County, Pennsylvania",1400000US42101001001,42101001001,Philadelphia County - Census Tract 10.01,Census Tract 10.01,2603,1733,0.09,0.00,0.09,29388.7,19566.1
0500000US42101,42101,"Philadelphia County, Pennsylvania",1400000US42101001002,42101001002,Philadelphia County - Census Tract 10.02,Census Tract 10.02,3612,2348,0.18,0.00,0.18,19834.2,12893.3
0500000US42101,42101,"Philadelphia County, Pennsylvania",1400000US42101001101,42101001101,Philadelphia County - Census Tract 11.01,Census Tract 11.01,3586,2263,0.07,0.00,0.07,53373.3,33682.0
0500000US42101,42101,"Philadelphia County, Pennsylvania",1400000US42101001102,42101001102,Philadelphia County - Census Tract 11.02,Census Tract 11.02,2659,1741,0.08,0.00,0.08,33748.5,22097.1
0500000US42101,42101,"Philadelphia County, Pennsylvania",1400000US42101001201,42101001201,Philadelphia County - Census Tract 12.01,Census Tract 12.01,3778,2193,0.14,0.01,0.13,29872.8,17340.1
0500000US42101,42101,"Philadelphia County, Pennsylvania",1400000US42101001202,42101001202,Philadelphia County - Census Tract 12.02,Census Tract 12.02,5137,3529,0.12,0.00,0.12,43118.9,29621.7
0500000US42101,42101,"Philadelphia County, Pennsylvania",1400000US42101001300,42101001300,Philadelphia County - Census Tract 13,Census Tract 13,4942,2868,0.30,0.02,0.28,17584.7,10205.0
0500000US42101,42101,"Philadelphia County, Pennsylvania",1400000US42101001400,42101001400,Philadelphia County - Census Tract 14,Census Tract 14,3950,2373,0.12,0.00,0.12,32392.1,19459.8
0500000US42101,42101,"Philadelphia County, Pennsylvania",1400000US42101001500,42101001500,Philadelphia County - Census Tract 15,Census Tract 15,2708,1545,0.09,0.00,0.09,29299.0,16716.0
0500000US42101,42101,"Philadelphia County, Pennsylvania",1400000US42101001600,42101001600,Philadelphia County - Census Tract 16,Census Tract 16,2192,1294,0.08,0.00,0.08,28907.8,17065.1
0500000US42101,42101,"Philadelphia County, Pennsylvania",1400000US42101001700,42101001700,Philadelphia County - Census Tract 17,Census Tract 17,2647,1498,0.09,0.00,0.09,30947.0,17513.7
0500000US42101,42101,"Philadelphia County, Pennsylvania",1400000US42101001800,42101001800,Philadelphia County - Census Tract 18,Census Tract 18,2873,1628,0.09,0.00,0.09,30686.8,17388.8
0500000US42101,42101,"Philadelphia County, Pennsylvania",1400000US42101001900,42101001900,Philadelphia County - Census Tract 19,Census Tract 19,2721,1524,0.13,0.00,0.13,21464.4,12022.0
0500000US42101,42101,"Philadelphia County, Pennsylvania",1400000US42101002000,42101002000,Philadelphia County - Census Tract 20,Census Tract 20,2092,1066,0.11,0.00,0.11,18724.4,9541.2
0500000US42101,42101,"Philadelphia County, Pennsylvania",1400000US42101002100,42101002100,Philadelphia County - Census Tract 21,Census Tract 21,2036,1090,0.09,0.00,0.09,22201.2,11885.7
0500000US42101,42101,"Philadelphia County, Pennsylvania",1400000US42101002200,42101002200,Philadelphia County - Census Tract 22,Census Tract 22,2281,1270,0.09,0.00,0.09,25832.4,14382.8
0500000US42101,42101,"Philadelphia County, Pennsylvania",1400000US42101002300,42101002300,Philadelphia County - Census Tract 23,Census Tract 23,2682,1348,0.08,0.00,0.08,32707.3,16439.0
0500000US42101,42101,"Philadelphia County, Pennsylvania",1400000US42101002400,42101002400,Philadelphia County - Census Tract 24,Census Tract 24,5129,2538,0.21,0.00,0.21,24810.5,12277.0
0500000US42101,42101,"Philadelphia County, Pennsylvania",1400000US42101002500,42101002500,Philadelphia County - Census Tract 25,Census Tract 25,3769,1818,0.15,0.00,0.15,24483.9,11810.0
0500000US42101,42101,"Philadelphia County, Pennsylvania",1400000US42101002701,42101002701,Philadelphia County - Census Tract 27.01,Census Tract 27.01,3874,1677,0.09,0.00,0.09,44625.6,19317.8
0500000US42101,42101,"Philadelphia County, Pennsylvania",1400000US42101002702,42101002702,Philadelphia County - Census Tract 27.02,Census Tract 27.02,3566,1895,0.14,0.00,0.14,25119.9,13348.9
0500000US42101,42101,"Philadelphia County, Pennsylvania",1400000US42101002801,42101002801,Philadelphia County - Census Tract 28.01,Census Tract 28.01,4324,1774,0.09,0.00,0.09,50231.5,20608.4
0500000US42101,42101,"Philadelphia County, Pennsylvania",1400000US42101002802,42101002802,Philadelphia County - Census Tract 28.02,Census Tract 28.02,5539,2496,0.14,0.00,0.14,39554.3,17824.1
0500000US42101,42101,"Philadelphia County, Pennsylvania",1400000US42101002900,42101002900,Philadelphia County - Census Tract 29,Census Tract 29,4141,2225,0.14,0.00,0.14,28969.9,15565.8
0500000US42101,42101,"Philadelphia County, Pennsylvania",1400000US42101003001,42101003001,Philadelphia County - Census Tract 30.01,Census Tract 30.01,4664,1803,0.09,0.00,0.09,53321.0,20612.7
0500000US42101,42101,"Philadelphia County, Pennsylvania",1400000US42101003002,42101003002,Philadelphia County - Census Tract 30.02,Census Tract 30.02,3200,1567,0.09,0.00,0.09,36518.7,17882.8
0500000US42101,42101,"Philadelphia County, Pennsylvania",1400000US42101003100,42101003100,Philadelphia County - Census Tract 31,Census Tract 31,4437,2343,0.15,0.00,0.15,29026.4,15327.7
0500000US42101,42101,"Philadelphia County, Pennsylvania",1400000US42101003200,42101003200,Philadelphia County - Census Tract 32,Census Tract 32,4875,2271,0.19,0.00,0.19,25673.9,11960.1
0500000US42101,42101,"Philadelphia County, Pennsylvania",1400000US42101003300,42101003300,Philadelphia County - Census Tract 33,Census Tract 33,6162,2761,0.44,0.03,0.41,15022.8,6731.2
0500000US42101,42101,"Philadelphia County, Pennsylvania",1400000US42101003600,42101003600,Philadelphia County - Census Tract 36,Census Tract 36,6723,2803,0.37,0.00,0.37,18052.7,7526.6
0500000US42101,42101,"Philadelphia County, Pennsylvania",1400000US42101003701,42101003701,Philadelphia County - Census Tract 37.01,Census Tract 37.01,6609,2663,0.14,0.00,0.14,48133.6,19394.7
0500000US42101,42101,"Philadelphia County, Pennsylvania",1400000US42101003702,42101003702,Philadelphia County - Census Tract 37.02,Census Tract 37.02,3707,1486,0.10,0.00,0.10,38805.9,15555.9
0500000US42101,42101,"Philadelphia County, Pennsylvania",1400000US42101003800,42101003800,Philadelphia County - Census Tract 38,Census Tract 38,3898,1723,0.42,0.00,0.42,9269.4,4097.3
0500000US42101,42101,"Philadelphia County, Pennsylvania",1400000US42101003901,42101003901,Philadelphia County - Census Tract 39.01,Census Tract 39.01,6062,2936,0.16,0.00,0.16,37346.9,18088.2
0500000US42101,42101,"Philadelphia County, Pennsylvania",1400000US42101003902,42101003902,Philadelphia County - Census Tract 39.02,Census Tract 39.02,5507,2630,0.17,0.00,0.17,31513.9,15050.2
0500000US42101,42101,"Philadelphia County, Pennsylvania",1400000US42101004001,42101004001,Philadelphia County - Census Tract 40.01,Census Tract 40.01,4259,2091,0.12,0.00,0.12,35023.6,17195.2
0500000US42101,42101,"Philadelphia County, Pennsylvania",1400000US42101004002,42101004002,Philadelphia County - Census Tract 40.02,Census Tract 40.02,4998,2362,0.13,0.00,0.13,37538.8,17740.4
0500000US42101,42101,"Philadelphia County, Pennsylvania",1400000US42101004101,42101004101,Philadelphia County - Census Tract 41.01,Census Tract 41.01,6243,2447,0.14,0.00,0.14,43233.4,16945.7
0500000US42101,42101,"Philadelphia County, Pennsylvania",1400000US42101004102,42101004102,Philadelphia County - Census Tract 41.02,Census Tract 41.02,7848,2981,0.15,0.00,0.15,51871.9,19703.1
0500000US42101,42101,"Philadelphia County, Pennsylvania",1400000US42101004201,42101004201,Philadelphia County - Census Tract 42.01,Census Tract 42.01,5105,2284,0.14,0.00,0.14,36557.0,16355.8
0500000US42101,42101,"Philadelphia County, Pennsylvania",1400000US42101004202,42101004202,Philadelphia County - Census Tract 42.02,Census Tract 42.02,4925,1925,0.18,0.00,0.18,28137.0,10997.7
0500000US42101,42101,"Philadelphia County, Pennsylvania",1400000US42101005000,42101005000,Philadelphia County - Census Tract 50,Census Tract 50,13,1,3.03,1.29,1.74,7.5,0.6
0500000US42101,42101,"Philadelphia County, Pennsylvania",1400000US42101005400,42101005400,Philadelphia County - Census Tract 54,Census Tract 54,1314,689,0.92,0.20,0.71,1843.3,966.6
0500000US42101,42101,"Philadelphia County, Pennsylvania",1400000US42101005500,42101005500,Philadelphia County - Census Tract 55,Census Tract 55,5635,2429,0.46,0.00,0.45,12490.6,5384.2
0500000US42101,42101,"Philadelphia County, Pennsylvania",1400000US42101005600,42101005600,Philadelphia County - Census Tract 56,Census Tract 56,1111,587,0.32,0.00,0.32,3423.9,1809.0
0500000US42101,42101,"Philadelphia County, Pennsylvania",1400000US42101006000,42101006000,Philadelphia County - Census Tract 60,Census Tract 60,6450,2617,0.42,0.00,0.42,15330.9,6220.3
0500000US42101,42101,"Philadelphia County, Pennsylvania",1400000US42101006100,42101006100,Philadelphia County - Census Tract 61,Census Tract 61,3123,1213,0.21,0.00,0.21,15141.4,5881.0
0500000US42101,42101,"Philadelphia County, Pennsylvania",1400000US42101006200,42101006200,Philadelphia County - Census Tract 62,Census Tract 62,4524,1592,0.20,0.00,0.20,22991.1,8090.6
0500000US42101,42101,"Philadelphia County, Pennsylvania",1400000US42101006300,42101006300,Philadelphia County - Census Tract 63,Census Tract 63,4236,1620,0.21,0.00,0.21,19746.5,7551.8
0500000US42101,42101,"Philadelphia County, Pennsylvania",1400000US42101006400,42101006400,Philadelphia County - Census Tract 64,Census Tract 64,4472,1586,0.26,0.01,0.25,17947.0,6364.9
0500000US42101,42101,"Philadelphia County, Pennsylvania",1400000US42101006500,42101006500,Philadelphia County - Census Tract 65,Census Tract 65,4486,2088,0.44,0.01,0.43,10455.2,4866.4
0500000US42101,42101,"Philadelphia County, Pennsylvania",1400000US42101006600,42101006600,Philadelphia County - Census Tract 66,Census Tract 66,3750,1571,0.25,0.00,0.25,14913.7,6247.8
0500000US42101,42101,"Philadelphia County, Pennsylvania",1400000US42101006700,42101006700,Philadelphia County - Census Tract 67,Census Tract 67,7472,2804,0.39,0.00,0.39,19324.0,7251.7
0500000US42101,42101,"Philadelphia County, Pennsylvania",1400000US42101006900,42101006900,Philadelphia County - Census Tract 69,Census Tract 69,2539,1093,0.31,0.04,0.27,9336.2,4019.1
0500000US42101,42101,"Philadelphia County, Pennsylvania",1400000US42101007000,42101007000,Philadelphia County - Census Tract 70,Census Tract 70,3990,1715,0.18,0.00,0.18,22032.0,9469.9
0500000US42101,42101,"Philadelphia County, Pennsylvania",1400000US42101007101,42101007101,Philadelphia County - Census Tract 71.01,Census Tract 71.01,2557,1093,0.10,0.00,0.10,26149.8,11177.8
0500000US42101,42101,"Philadelphia County, Pennsylvania",1400000US42101007102,42101007102,Philadelphia County - Census Tract 71.02,Census Tract 71.02,4924,2042,0.16,0.00,0.16,30674.1,12720.7
0500000US42101,42101,"Philadelphia County, Pennsylvania",1400000US42101007200,42101007200,Philadelphia County - Census Tract 72,Census Tract 72,4773,2040,0.19,0.00,0.19,24595.4,10512.2
0500000US42101,42101,"Philadelphia County, Pennsylvania",1400000US42101007300,42101007300,Philadelphia County - Census Tract 73,Census Tract 73,3088,1351,0.15,0.00,0.15,20655.6,9036.8
0500000US42101,42101,"Philadelphia County, Pennsylvania",1400000US42101007400,42101007400,Philadelphia County - Census Tract 74,Census Tract 74,4338,2031,0.26,0.00,0.26,16622.1,7782.3
0500000US42101,42101,"Philadelphia County, Pennsylvania",1400000US42101007700,42101007700,Philadelphia County - Census Tract 77,Census Tract 77,2380,899,0.12,0.00,0.12,19127.9,7225.2
0500000US42101,42101,"Philadelphia County, Pennsylvania",1400000US42101007800,42101007800,Philadelphia County - Census Tract 78,Census Tract 78,4177,2315,0.17,0.00,0.17,25311.8,14028.5
0500000US42101,42101,"Philadelphia County, Pennsylvania",1400000US42101007900,42101007900,Philadelphia County - Census Tract 79,Census Tract 79,4553,2301,0.15,0.00,0.15,31200.5,15768.1
0500000US42101,42101,"Philadelphia County, Pennsylvania",1400000US42101008000,42101008000,Philadelphia County - Census Tract 80,Census Tract 80,3951,1909,0.17,0.00,0.17,23771.7,11485.8
0500000US42101,42101,"Philadelphia County, Pennsylvania",1400000US42101008101,42101008101,Philadelphia County - Census Tract 81.01,Census Tract 81.01,2758,1190,0.09,0.00,0.09,29311.4,12647.0
0500000US42101,42101,"Philadelphia County, Pennsylvania",1400000US42101008102,42101008102,Philadelphia County - Census Tract 81.02,Census Tract 81.02,5028,2083,0.14,0.00,0.14,35921.5,14881.5
0500000US42101,42101,"Philadelphia County, Pennsylvania",1400000US42101008200,42101008200,Philadelphia County - Census Tract 82,Census Tract 82,6797,2928,0.33,0.00,0.32,21150.3,9111.1
0500000US42101,42101,"Philadelphia County, Pennsylvania",1400000US42101008301,42101008301,Philadelphia County - Census Tract 83.01,Census Tract 83.01,4081,1935,0.20,0.00,0.20,20702.4,9816.0
0500000US42101,42101,"Philadelphia County, Pennsylvania",1400000US42101008302,42101008302,Philadelphia County - Census Tract 83.02,Census Tract 83.02,4307,2134,0.16,0.00,0.16,26232.8,12997.6
0500000US42101,42101,"Philadelphia County, Pennsylvania",1400000US42101008400,42101008400,Philadelphia County - Census Tract 84,Census Tract 84,4488,2041,0.19,0.00,0.19,23166.0,10535.1
0500000US42101,42101,"Philadelphia County, Pennsylvania",1400000US42101008500,42101008500,Philadelphia County - Census Tract 85,Census Tract 85,6313,3171,0.24,0.00,0.24,26310.6,13215.7
0500000US42101,42101,"Philadelphia County, Pennsylvania",1400000US42101008601,42101008601,Philadelphia County - Census Tract 86.01,Census Tract 86.01,2947,1637,0.10,0.00,0.10,30230.6,16792.5
0500000US42101,42101,"Philadelphia County, Pennsylvania",1400000US42101008602,42101008602,Philadelphia County - Census Tract 86.02,Census Tract 86.02,3010,1548,0.14,0.00,0.14,21118.9,10861.1
0500000US42101,42101,"Philadelphia County, Pennsylvania",1400000US42101008701,42101008701,Philadelphia County - Census Tract 87.01,Census Tract 87.01,4147,2116,0.10,0.00,0.10,41386.2,21117.3
0500000US42101,42101,"Philadelphia County, Pennsylvania",1400000US42101008702,42101008702,Philadelphia County - Census Tract 87.02,Census Tract 87.02,3036,1598,0.11,0.00,0.11,27729.7,14595.5
0500000US42101,42101,"Philadelphia County, Pennsylvania",1400000US42101008801,42101008801,Philadelphia County - Census Tract 88.01,Census Tract 88.01,988,190,0.07,0.00,0.07,13856.4,2664.7
0500000US42101,42101,"Philadelphia County, Pennsylvania",1400000US42101008802,42101008802,Philadelphia County - Census Tract 88.02,Census Tract 88.02,6983,1927,0.15,0.00,0.15,46261.3,12766.1
0500000US42101,42101,"Philadelphia County, Pennsylvania",1400000US42101009000,42101009000,Philadelphia County - Census Tract 90,Census Tract 90,5576,1528,0.17,0.00,0.17,33099.1,9070.2
0500000US42101,42101,"Philadelphia County, Pennsylvania",1400000US42101009100,42101009100,Philadelphia County - Census Tract 91,Census Tract 91,2803,1746,0.16,0.00,0.16,17058.7,10626.0
0500000US42101,42101,"Philadelphia County, Pennsylvania",1400000US42101009200,42101009200,Philadelphia County - Census Tract 92,Census Tract 92,2884,1488,0.20,0.00,0.20,14588.7,7527.0
0500000US42101,42101,"Philadelphia County, Pennsylvania",1400000US42101009300,42101009300,Philadelphia County - Census Tract 93,Census Tract 93,4221,2217,0.16,0.00,0.16,27162.8,14266.7
0500000US42101,42101,"Philadelphia County, Pennsylvania",1400000US42101009400,42101009400,Philadelphia County - Census Tract 94,Census Tract 94,3827,1984,0.14,0.00,0.14,27028.7,14012.3
0500000US42101,42101,"Philadelphia County, Pennsylvania",1400000US42101009500,42101009500,Philadelphia County - Census Tract 95,Census Tract 95,3313,1587,0.12,0.00,0.12,26892.6,12882.2
0500000US42101,42101,"Philadelphia County, Pennsylvania",1400000US42101009600,42101009600,Philadelphia County - Census Tract 96,Census Tract 96,4238,2059,0.16,0.00,0.16,27083.9,13158.5
0500000US42101,42101,"Philadelphia County, Pennsylvania",1400000US42101009801,42101009801,Philadelphia County - Census Tract 98.01,Census Tract 98.01,2184,976,0.12,0.00,0.12,18983.1,8483.3
0500000US42101,42101,"Philadelphia County, Pennsylvania",1400000US42101009802,42101009802,Philadelphia County - Census Tract 98.02,Census Tract 98.02,5475,2261,0.24,0.00,0.24,23207.2,9583.8
0500000US42101,42101,"Philadelphia County, Pennsylvania",1400000US42101010000,42101010000,Philadelphia County - Census Tract 100,Census Tract 100,4366,1804,0.19,0.00,0.19,22720.5,9388.0
0500000US42101,42101,"Philadelphia County, Pennsylvania",1400000US42101010100,42101010100,Philadelphia County - Census Tract 101,Census Tract 101,5459,2643,0.23,0.00,0.23,23508.3,11381.6
0500000US42101,42101,"Philadelphia County, Pennsylvania",1400000US42101010200,42101010200,Philadelphia County - Census Tract 102,Census Tract 102,3187,1485,0.14,0.00,0.14,22889.3,10665.4
0500000US42101,42101,"Philadelphia County, Pennsylvania",1400000US42101010300,42101010300,Philadelphia County - Census Tract 103,Census Tract 103,2449,1200,0.11,0.00,0.11,22543.9,11046.4
0500000US42101,42101,"Philadelphia County, Pennsylvania",1400000US42101010400,42101010400,Philadelphia County - Census Tract 104,Census Tract 104,3332,1477,0.18,0.00,0.18,18281.6,8103.8
0500000US42101,42101,"Philadelphia County, Pennsylvania",1400000US42101010500,42101010500,Philadelphia County - Census Tract 105,Census Tract 105,3746,1666,0.25,0.00,0.25,14750.1,6560.0
0500000US42101,42101,"Philadelphia County, Pennsylvania",1400000US42101010600,42101010600,Philadelphia County - Census Tract 106,Census Tract 106,1476,816,0.10,0.00,0.10,14400.4,7961.2
0500000US42101,42101,"Philadelphia County, Pennsylvania",1400000US42101010700,42101010700,Philadelphia County - Census Tract 107,Census Tract 107,3562,1702,0.18,0.00,0.18,20034.8,9573.1
0500000US42101,42101,"Philadelphia County, Pennsylvania",1400000US42101010800,42101010800,Philadelphia County - Census Tract 108,Census Tract 108,3611,1807,0.23,0.00,0.23,15967.1,7990.2
0500000US42101,42101,"Philadelphia County, Pennsylvania",1400000US42101010900,42101010900,Philadelphia County - Census Tract 109,Census Tract 109,2313,1034,0.10,0.00,0.10,24139.5,10791.3
0500000US42101,42101,"Philadelphia County, Pennsylvania",1400000US42101011000,42101011000,Philadelphia County - Census Tract 110,Census Tract 110,3470,1846,0.18,0.00,0.18,19005.9,10110.9
0500000US42101,42101,"Philadelphia County, Pennsylvania",1400000US42101011100,42101011100,Philadelphia County - Census Tract 111,Census Tract 111,3712,1753,0.50,0.00,0.50,7387.4,3488.7
0500000US42101,42101,"Philadelphia County, Pennsylvania",1400000US42101011200,42101011200,Philadelphia County - Census Tract 112,Census Tract 112,5494,2455,0.19,0.00,0.19,28279.9,12636.9
0500000US42101,42101,"Philadelphia County, Pennsylvania",1400000US42101011300,42101011300,Philadelphia County - Census Tract 113,Census Tract 113,2917,1350,0.13,0.00,0.13,22559.0,10440.4
0500000US42101,42101,"Philadelphia County, Pennsylvania",1400000US42101011400,42101011400,Philadelphia County - Census Tract 114,Census Tract 114,6126,2926,0.38,0.00,0.38,16307.4,7789.0
0500000US42101,42101,"Philadelphia County, Pennsylvania",1400000US42101011500,42101011500,Philadelphia County - Census Tract 115,Census Tract 115,4282,1696,0.14,0.00,0.14,29937.0,11857.3
0500000US42101,42101,"Philadelphia County, Pennsylvania",1400000US42101011700,42101011700,Philadelphia County - Census Tract 117,Census Tract 117,1931,401,0.25,0.00,0.25,7647.0,1588.0
0500000US42101,42101,"Philadelphia County, Pennsylvania",1400000US42101011800,42101011800,Philadelphia County - Census Tract 118,Census Tract 118,5621,2340,0.35,0.00,0.35,15908.5,6622.6
0500000US42101,42101,"Philadelphia County, Pennsylvania",1400000US42101011900,42101011900,Philadelphia County - Census Tract 119,Census Tract 119,5195,2431,0.27,0.00,0.27,19468.6,9110.3
0500000US42101,42101,"Philadelphia County, Pennsylvania",1400000US42101012000,42101012000,Philadelphia County - Census Tract 120,Census Tract 120,1947,760,0.23,0.00,0.23,8395.0,3276.9
0500000US42101,42101,"Philadelphia County, Pennsylvania",1400000US42101012100,42101012100,Philadelphia County - Census Tract 121,Census Tract 121,2547,1588,0.34,0.00,0.34,7523.6,4690.8
0500000US42101,42101,"Philadelphia County, Pennsylvania",1400000US42101012201,42101012201,Philadelphia County - Census Tract 122.01,Census Tract 122.01,2911,2409,0.15,0.00,0.15,19804.8,16389.4
0500000US42101,42101,"Philadelphia County, Pennsylvania",1400000US42101012203,42101012203,Philadelphia County - Census Tract 122.03,Census Tract 122.03,1120,894,0.09,0.00,0.09,12829.2,10240.5
0500000US42101,42101,"Philadelphia County, Pennsylvania",1400000US42101012204,42101012204,Philadelphia County - Census Tract 122.04,Census Tract 122.04,3564,1925,0.35,0.02,0.33,10868.7,5870.5
0500000US42101,42101,"Philadelphia County, Pennsylvania",1400000US42101012500,42101012500,Philadelphia County - Census Tract 125,Census Tract 125,5210,3555,0.35,0.02,0.33,15603.2,10646.7
0500000US42101,42101,"Philadelphia County, Pennsylvania",1400000US42101013100,42101013100,Philadelphia County - Census Tract 131,Census Tract 131,1529,785,0.12,0.00,0.12,12292.4,6311.0
0500000US42101,42101,"Philadelphia County, Pennsylvania",1400000US42101013200,42101013200,Philadelphia County - Census Tract 132,Census Tract 132,2914,1025,0.16,0.00,0.16,17688.6,6222.0
0500000US42101,42101,"Philadelphia County, Pennsylvania",1400000US42101013300,42101013300,Philadelphia County - Census Tract 133,Census Tract 133,2854,1637,0.14,0.00,0.14,20651.5,11845.3
0500000US42101,42101,"Philadelphia County, Pennsylvania",1400000US42101013401,42101013401,Philadelphia County - Census Tract 134.01,Census Tract 134.01,2288,1567,0.06,0.00,0.06,36120.7,24738.3
0500000US42101,42101,"Philadelphia County, Pennsylvania",1400000US42101013402,42101013402,Philadelphia County - Census Tract 134.02,Census Tract 134.02,2922,1730,0.09,0.00,0.09,31716.5,18778.1
0500000US42101,42101,"Philadelphia County, Pennsylvania",1400000US42101013500,42101013500,Philadelphia County - Census Tract 135,Census Tract 135,3222,1582,0.16,0.00,0.16,20610.3,10119.7
0500000US42101,42101,"Philadelphia County, Pennsylvania",1400000US42101013601,42101013601,Philadelphia County - Census Tract 136.01,Census Tract 136.01,2677,1580,0.06,0.00,0.06,41362.6,24412.7
0500000US42101,42101,"Philadelphia County, Pennsylvania",1400000US42101013602,42101013602,Philadelphia County - Census Tract 136.02,Census Tract 136.02,3503,1929,0.09,0.00,0.09,38651.4,21284.2
0500000US42101,42101,"Philadelphia County, Pennsylvania",1400000US42101013700,42101013700,Philadelphia County - Census Tract 137,Census Tract 137,4813,2461,0.23,0.00,0.23,21137.5,10808.1
0500000US42101,42101,"Philadelphia County, Pennsylvania",1400000US42101013800,42101013800,Philadelphia County - Census Tract 138,Census Tract 138,2061,1085,0.13,0.00,0.13,15642.1,8234.7
0500000US42101,42101,"Philadelphia County, Pennsylvania",1400000US42101013900,42101013900,Philadelphia County - Census Tract 139,Census Tract 139,3764,1465,0.22,0.00,0.22,17317.7,6740.3
0500000US42101,42101,"Philadelphia County, Pennsylvania",1400000US42101014000,42101014000,Philadelphia County - Census Tract 140,Census Tract 140,3010,1561,0.17,0.00,0.17,17725.8,9192.7
0500000US42101,42101,"Philadelphia County, Pennsylvania",1400000US42101014100,42101014100,Philadelphia County - Census Tract 141,Census Tract 141,2094,1025,0.22,0.00,0.22,9648.0,4722.6
0500000US42101,42101,"Philadelphia County, Pennsylvania",1400000US42101014200,42101014200,Philadelphia County - Census Tract 142,Census Tract 142,3570,2063,0.41,0.11,0.30,11705.1,6764.0
0500000US42101,42101,"Philadelphia County, Pennsylvania",1400000US42101014300,42101014300,Philadelphia County - Census Tract 143,Census Tract 143,1439,802,0.33,0.11,0.22,6538.4,3644.1
0500000US42101,42101,"Philadelphia County, Pennsylvania",1400000US42101014400,42101014400,Philadelphia County - Census Tract 144,Census Tract 144,3105,1561,0.24,0.00,0.24,13195.6,6633.9
0500000US42101,42101,"Philadelphia County, Pennsylvania",1400000US42101014500,42101014500,Philadelphia County - Census Tract 145,Census Tract 145,2464,713,0.12,0.00,0.12,19852.1,5744.5
0500000US42101,42101,"Philadelphia County, Pennsylvania",1400000US42101014600,42101014600,Philadelphia County - Census Tract 146,Census Tract 146,4289,1192,0.17,0.00,0.17,24960.1,6936.9
0500000US42101,42101,"Philadelphia County, Pennsylvania",1400000US42101014700,42101014700,Philadelphia County - Census Tract 147,Census Tract 147,3939,1170,0.13,0.00,0.13,30212.2,8973.9
0500000US42101,42101,"Philadelphia County, Pennsylvania",1400000US42101014800,42101014800,Philadelphia County - Census Tract 148,Census Tract 148,785,446,0.07,0.00,0.07,10637.7,6043.8
0500000US42101,42101,"Philadelphia County, Pennsylvania",1400000US42101014900,42101014900,Philadelphia County - Census Tract 149,Census Tract 149,3967,2099,0.17,0.00,0.17,22669.9,11995.0
0500000US42101,42101,"Philadelphia County, Pennsylvania",1400000US42101015101,42101015101,Philadelphia County - Census Tract 151.01,Census Tract 151.01,2038,1097,0.07,0.00,0.07,27339.0,14715.8
0500000US42101,42101,"Philadelphia County, Pennsylvania",1400000US42101015102,42101015102,Philadelphia County - Census Tract 151.02,Census Tract 151.02,4269,2274,0.21,0.00,0.21,19865.7,10582.0
0500000US42101,42101,"Philadelphia County, Pennsylvania",1400000US42101015200,42101015200,Philadelphia County - Census Tract 152,Census Tract 152,6133,2372,0.26,0.00,0.26,23739.9,9181.7
0500000US42101,42101,"Philadelphia County, Pennsylvania",1400000US42101015300,42101015300,Philadelphia County - Census Tract 153,Census Tract 153,4962,1783,0.18,0.00,0.18,27394.0,9843.5
0500000US42101,42101,"Philadelphia County, Pennsylvania",1400000US42101015600,42101015600,Philadelphia County - Census Tract 156,Census Tract 156,1741,705,0.17,0.00,0.17,10497.0,4250.7
0500000US42101,42101,"Philadelphia County, Pennsylvania",1400000US42101015700,42101015700,Philadelphia County - Census Tract 157,Census Tract 157,2641,1099,0.19,0.00,0.19,14097.3,5866.3
0500000US42101,42101,"Philadelphia County, Pennsylvania",1400000US42101015800,42101015800,Philadelphia County - Census Tract 158,Census Tract 158,5684,2884,0.22,0.00,0.22,25372.3,12873.7
0500000US42101,42101,"Philadelphia County, Pennsylvania",1400000US42101016000,42101016000,Philadelphia County - Census Tract 160,Census Tract 160,7002,3205,0.28,0.00,0.28,25158.3,11515.6
0500000US42101,42101,"Philadelphia County, Pennsylvania",1400000US42101016100,42101016100,Philadelphia County - Census Tract 161,Census Tract 161,5590,2241,0.27,0.00,0.27,20461.2,8202.8
0500000US42101,42101,"Philadelphia County, Pennsylvania",1400000US42101016200,42101016200,Philadelphia County - Census Tract 162,Census Tract 162,2225,897,0.14,0.00,0.14,15789.0,6365.3
0500000US42101,42101,"Philadelphia County, Pennsylvania",1400000US42101016300,42101016300,Philadelphia County - Census Tract 163,Census Tract 163,3248,1224,0.22,0.00,0.22,14701.0,5540.0
0500000US42101,42101,"Philadelphia County, Pennsylvania",1400000US42101016400,42101016400,Philadelphia County - Census Tract 164,Census Tract 164,4564,1739,0.19,0.00,0.19,24371.3,9286.1
0500000US42101,42101,"Philadelphia County, Pennsylvania",1400000US42101016500,42101016500,Philadelphia County - Census Tract 165,Census Tract 165,2758,1218,0.15,0.00,0.15,18097.2,7992.1
0500000US42101,42101,"Philadelphia County, Pennsylvania",1400000US42101016600,42101016600,Philadelphia County - Census Tract 166,Census Tract 166,1788,729,0.10,0.00,0.10,17733.9,7230.4
0500000US42101,42101,"Philadelphia County, Pennsylvania",1400000US42101016701,42101016701,Philadelphia County - Census Tract 167.01,Census Tract 167.01,3055,1558,0.10,0.00,0.10,31145.6,15883.7
0500000US42101,42101,"Philadelphia County, Pennsylvania",1400000US42101016702,42101016702,Philadelphia County - Census Tract 167.02,Census Tract 167.02,2903,1423,0.14,0.00,0.14,21173.4,10378.8
0500000US42101,42101,"Philadelphia County, Pennsylvania",1400000US42101016800,42101016800,Philadelphia County - Census Tract 168,Census Tract 168,3935,1932,0.22,0.00,0.22,17532.4,8608.0
0500000US42101,42101,"Philadelphia County, Pennsylvania",1400000US42101016901,42101016901,Philadelphia County - Census Tract 169.01,Census Tract 169.01,3466,1791,0.20,0.00,0.20,17502.0,9043.9
0500000US42101,42101,"Philadelphia County, Pennsylvania",1400000US42101016902,42101016902,Philadelphia County - Census Tract 169.02,Census Tract 169.02,5524,2814,0.22,0.00,0.22,25380.7,12929.3
0500000US42101,42101,"Philadelphia County, Pennsylvania",1400000US42101017000,42101017000,Philadelphia County - Census Tract 170,Census Tract 170,2953,1375,0.63,0.02,0.61,4870.3,2267.8
0500000US42101,42101,"Philadelphia County, Pennsylvania",1400000US42101017100,42101017100,Philadelphia County - Census Tract 171,Census Tract 171,4047,1809,0.44,0.00,0.44,9187.3,4106.7
0500000US42101,42101,"Philadelphia County, Pennsylvania",1400000US42101017201,42101017201,Philadelphia County - Census Tract 172.01,Census Tract 172.01,3194,1536,0.10,0.00,0.10,31459.1,15128.7
0500000US42101,42101,"Philadelphia County, Pennsylvania",1400000US42101017202,42101017202,Philadelphia County - Census Tract 172.02,Census Tract 172.02,4056,1986,0.11,0.00,0.11,36148.1,17699.7
0500000US42101,42101,"Philadelphia County, Pennsylvania",1400000US42101017300,42101017300,Philadelphia County - Census Tract 173,Census Tract 173,3165,1363,0.34,0.00,0.34,9372.8,4036.4
0500000US42101,42101,"Philadelphia County, Pennsylvania",1400000US42101017400,42101017400,Philadelphia County - Census Tract 174,Census Tract 174,2419,1115,0.14,0.00,0.14,17699.0,8158.1
0500000US42101,42101,"Philadelphia County, Pennsylvania",1400000US42101017500,42101017500,Philadelphia County - Census Tract 175,Census Tract 175,7016,2603,0.28,0.00,0.28,25241.0,9364.6
0500000US42101,42101,"Philadelphia County, Pennsylvania",1400000US42101017601,42101017601,Philadelphia County - Census Tract 176.01,Census Tract 176.01,5562,2097,0.22,0.00,0.22,24874.5,9378.3
0500000US42101,42101,"Philadelphia County, Pennsylvania",1400000US42101017602,42101017602,Philadelphia County - Census Tract 176.02,Census Tract 176.02,3914,1371,0.15,0.00,0.15,25314.0,8867.0
0500000US42101,42101,"Philadelphia County, Pennsylvania",1400000US42101017701,42101017701,Philadelphia County - Census Tract 177.01,Census Tract 177.01,3705,1352,0.09,0.00,0.09,39808.3,14526.5
0500000US42101,42101,"Philadelphia County, Pennsylvania",1400000US42101017702,42101017702,Philadelphia County - Census Tract 177.02,Census Tract 177.02,5076,1824,0.19,0.00,0.19,26870.9,9655.7
0500000US42101,42101,"Philadelphia County, Pennsylvania",1400000US42101017800,42101017800,Philadelphia County - Census Tract 178,Census Tract 178,6704,2518,0.26,0.00,0.26,26192.7,9837.9
0500000US42101,42101,"Philadelphia County, Pennsylvania",1400000US42101017900,42101017900,Philadelphia County - Census Tract 179,Census Tract 179,6313,2415,0.28,0.00,0.28,22899.7,8760.2
0500000US42101,42101,"Philadelphia County, Pennsylvania",1400000US42101018001,42101018001,Philadelphia County - Census Tract 180.01,Census Tract 180.01,2586,1202,0.15,0.00,0.15,17289.6,8036.4
0500000US42101,42101,"Philadelphia County, Pennsylvania",1400000US42101018002,42101018002,Philadelphia County - Census Tract 180.02,Census Tract 180.02,5451,2630,0.17,0.00,0.17,32101.7,15488.4
0500000US42101,42101,"Philadelphia County, Pennsylvania",1400000US42101018300,42101018300,Philadelphia County - Census Tract 183,Census Tract 183,4313,1768,0.78,0.07,0.71,6088.6,2495.9
0500000US42101,42101,"Philadelphia County, Pennsylvania",1400000US42101018400,42101018400,Philadelphia County - Census Tract 184,Census Tract 184,2260,921,0.86,0.37,0.50,4552.5,1855.3
0500000US42101,42101,"Philadelphia County, Pennsylvania",1400000US42101018800,42101018800,Philadelphia County - Census Tract 188,Census Tract 188,8322,2849,0.26,0.00,0.26,32495.5,11124.7
0500000US42101,42101,"Philadelphia County, Pennsylvania",1400000US42101019000,42101019000,Philadelphia County - Census Tract 190,Census Tract 190,7543,2568,0.31,0.00,0.30,25091.4,8542.3
0500000US42101,42101,"Philadelphia County, Pennsylvania",1400000US42101019100,42101019100,Philadelphia County - Census Tract 191,Census Tract 191,7937,2777,0.56,0.01,0.56,14284.4,4997.8
0500000US42101,42101,"Philadelphia County, Pennsylvania",1400000US42101019200,42101019200,Philadelphia County - Census Tract 192,Census Tract 192,7972,2707,0.25,0.00,0.25,31430.9,10672.8
0500000US42101,42101,"Philadelphia County, Pennsylvania",1400000US42101019501,42101019501,Philadelphia County - Census Tract 195.01,Census Tract 195.01,4927,1741,0.15,0.00,0.15,32397.6,11448.0
0500000US42101,42101,"Philadelphia County, Pennsylvania",1400000US42101019502,42101019502,Philadelphia County - Census Tract 195.02,Census Tract 195.02,3675,1291,0.14,0.00,0.14,25703.9,9029.6
0500000US42101,42101,"Philadelphia County, Pennsylvania",1400000US42101019700,42101019700,Philadelphia County - Census Tract 197,Census Tract 197,7001,2316,0.17,0.00,0.17,40242.0,13312.4
0500000US42101,42101,"Philadelphia County, Pennsylvania",1400000US42101019800,42101019800,Philadelphia County - Census Tract 198,Census Tract 198,6195,2163,0.21,0.00,0.21,29657.7,10355.0
0500000US42101,42101,"Philadelphia County, Pennsylvania",1400000US42101019900,42101019900,Philadelphia County - Census Tract 199,Census Tract 199,4419,1661,0.26,0.00,0.26,17291.8,6499.6
0500000US42101,42101,"Philadelphia County, Pennsylvania",1400000US42101020000,42101020000,Philadelphia County - Census Tract 200,Census Tract 200,1265,787,0.12,0.00,0.12,10346.0,6436.6
0500000US42101,42101,"Philadelphia County, Pennsylvania",1400000US42101020101,42101020101,Philadelphia County - Census Tract 201.01,Census Tract 201.01,3547,2055,0.19,0.00,0.19,18997.4,11006.4
0500000US42101,42101,"Philadelphia County, Pennsylvania",1400000US42101020102,42101020102,Philadelphia County - Census Tract 201.02,Census Tract 201.02,3353,1678,0.14,0.00,0.14,23274.3,11647.6
0500000US42101,42101,"Philadelphia County, Pennsylvania",1400000US42101020200,42101020200,Philadelphia County - Census Tract 202,Census Tract 202,5189,2550,0.29,0.00,0.29,17757.9,8726.7
0500000US42101,42101,"Philadelphia County, Pennsylvania",1400000US42101020300,42101020300,Philadelphia County - Census Tract 203,Census Tract 203,2769,1340,0.20,0.00,0.20,14112.6,6829.5
0500000US42101,42101,"Philadelphia County, Pennsylvania",1400000US42101020400,42101020400,Philadelphia County - Census Tract 204,Census Tract 204,3050,1392,0.16,0.00,0.16,19391.3,8850.1
0500000US42101,42101,"Philadelphia County, Pennsylvania",1400000US42101020500,42101020500,Philadelphia County - Census Tract 205,Census Tract 205,2819,1416,0.55,0.00,0.55,5107.5,2565.5
0500000US42101,42101,"Philadelphia County, Pennsylvania",1400000US42101020600,42101020600,Philadelphia County - Census Tract 206,Census Tract 206,1819,990,0.52,0.02,0.50,3635.6,1978.7
0500000US42101,42101,"Philadelphia County, Pennsylvania",1400000US42101020700,42101020700,Philadelphia County - Census Tract 207,Census Tract 207,5841,2684,0.59,0.04,0.55,10591.9,4867.1
0500000US42101,42101,"Philadelphia County, Pennsylvania",1400000US42101020800,42101020800,Philadelphia County - Census Tract 208,Census Tract 208,1971,1403,0.34,0.00,0.34,5796.7,4126.2
0500000US42101,42101,"Philadelphia County, Pennsylvania",1400000US42101020900,42101020900,Philadelphia County - Census Tract 209,Census Tract 209,2910,1463,0.21,0.01,0.20,14779.5,7430.4
0500000US42101,42101,"Philadelphia County, Pennsylvania",1400000US42101021000,42101021000,Philadelphia County - Census Tract 210,Census Tract 210,4917,2528,0.35,0.02,0.33,14838.8,7629.1
0500000US42101,42101,"Philadelphia County, Pennsylvania",1400000US42101021100,42101021100,Philadelphia County - Census Tract 211,Census Tract 211,2327,1218,0.21,0.00,0.21,11154.5,5838.5
0500000US42101,42101,"Philadelphia County, Pennsylvania",1400000US42101021200,42101021200,Philadelphia County - Census Tract 212,Census Tract 212,2245,1134,0.20,0.00,0.20,11274.9,5695.2
0500000US42101,42101,"Philadelphia County, Pennsylvania",1400000US42101021300,42101021300,Philadelphia County - Census Tract 213,Census Tract 213,3551,1651,0.21,0.00,0.21,17067.1,7935.2
0500000US42101,42101,"Philadelphia County, Pennsylvania",1400000US42101021400,42101021400,Philadelphia County - Census Tract 214,Census Tract 214,3880,2001,0.26,0.02,0.23,16551.7,8536.1
0500000US42101,42101,"Philadelphia County, Pennsylvania",1400000US42101021500,42101021500,Philadelphia County - Census Tract 215,Census Tract 215,3857,1924,0.40,0.02,0.39,9956.9,4966.9
0500000US42101,42101,"Philadelphia County, Pennsylvania",1400000US42101021600,42101021600,Philadelphia County - Census Tract 216,Census Tract 216,1826,1016,0.81,0.04,0.77,2374.3,1321.1
0500000US42101,42101,"Philadelphia County, Pennsylvania",1400000US42101021700,42101021700,Philadelphia County - Census Tract 217,Census Tract 217,5772,2571,0.60,0.00,0.60,9585.6,4269.7
0500000US42101,42101,"Philadelphia County, Pennsylvania",1400000US42101021800,42101021800,Philadelphia County - Census Tract 218,Census Tract 218,4259,2323,0.38,0.00,0.38,11074.1,6040.2
0500000US42101,42101,"Philadelphia County, Pennsylvania",1400000US42101021900,42101021900,Philadelphia County - Census Tract 219,Census Tract 219,1432,721,0.56,0.02,0.54,2630.3,1324.3
0500000US42101,42101,"Philadelphia County, Pennsylvania",1400000US42101022000,42101022000,Philadelphia County - Census Tract 220,Census Tract 220,1681,797,1.18,0.04,1.14,1478.9,701.2
0500000US42101,42101,"Philadelphia County, Pennsylvania",1400000US42101023100,42101023100,Philadelphia County - Census Tract 231,Census Tract 231,1262,562,0.28,0.00,0.28,4460.4,1986.3
0500000US42101,42101,"Philadelphia County, Pennsylvania",1400000US42101023500,42101023500,Philadelphia County - Census Tract 235,Census Tract 235,1161,577,0.30,0.00,0.30,3877.8,1927.2
0500000US42101,42101,"Philadelphia County, Pennsylvania",1400000US42101023600,42101023600,Philadelphia County - Census Tract 236,Census Tract 236,2619,1165,0.38,0.00,0.38,6935.1,3084.9
0500000US42101,42101,"Philadelphia County, Pennsylvania",1400000US42101023700,42101023700,Philadelphia County - Census Tract 237,Census Tract 237,4566,2347,0.41,0.00,0.41,11021.6,5665.3
0500000US42101,42101,"Philadelphia County, Pennsylvania",1400000US42101023800,42101023800,Philadelphia County - Census Tract 238,Census Tract 238,4391,2398,0.30,0.00,0.30,14549.9,7945.9
0500000US42101,42101,"Philadelphia County, Pennsylvania",1400000US42101023900,42101023900,Philadelphia County - Census Tract 239,Census Tract 239,1777,1321,0.19,0.00,0.19,9469.3,7039.3
0500000US42101,42101,"Philadelphia County, Pennsylvania",1400000US42101024000,42101024000,Philadelphia County - Census Tract 240,Census Tract 240,3822,2104,0.24,0.00,0.24,16041.6,8830.8
0500000US42101,42101,"Philadelphia County, Pennsylvania",1400000US42101024100,42101024100,Philadelphia County - Census Tract 241,Census Tract 241,1433,824,0.16,0.00,0.16,9099.9,5232.6
0500000US42101,42101,"Philadelphia County, Pennsylvania",1400000US42101024200,42101024200,Philadelphia County - Census Tract 242,Census Tract 242,4236,2019,0.21,0.00,0.21,20620.2,9828.2
0500000US42101,42101,"Philadelphia County, Pennsylvania",1400000US42101024300,42101024300,Philadelphia County - Census Tract 243,Census Tract 243,3913,1929,0.26,0.00,0.26,14925.0,7357.6
0500000US42101,42101,"Philadelphia County, Pennsylvania",1400000US42101024400,42101024400,Philadelphia County - Census Tract 244,Census Tract 244,3129,1350,0.16,0.00,0.16,19240.9,8301.5
0500000US42101,42101,"Philadelphia County, Pennsylvania",1400000US42101024500,42101024500,Philadelphia County - Census Tract 245,Census Tract 245,4035,1839,0.31,0.00,0.31,13046.9,5946.3
0500000US42101,42101,"Philadelphia County, Pennsylvania",1400000US42101024600,42101024600,Philadelphia County - Census Tract 246,Census Tract 246,2956,1304,0.24,0.00,0.24,12323.3,5436.2
0500000US42101,42101,"Philadelphia County, Pennsylvania",1400000US42101024700,42101024700,Philadelphia County - Census Tract 247,Census Tract 247,4423,1932,0.36,0.00,0.36,12170.3,5316.1
0500000US42101,42101,"Philadelphia County, Pennsylvania",1400000US42101024800,42101024800,Philadelphia County - Census Tract 248,Census Tract 248,1889,786,0.12,0.00,0.12,15324.3,6376.3
0500000US42101,42101,"Philadelphia County, Pennsylvania",1400000US42101024900,42101024900,Philadelphia County - Census Tract 249,Census Tract 249,3311,1369,0.13,0.00,0.13,26369.9,10903.2
0500000US42101,42101,"Philadelphia County, Pennsylvania",1400000US42101025200,42101025200,Philadelphia County - Census Tract 252,Census Tract 252,7118,3155,0.37,0.00,0.37,19356.5,8579.6
0500000US42101,42101,"Philadelphia County, Pennsylvania",1400000US42101025300,42101025300,Philadelphia County - Census Tract 253,Census Tract 253,4002,1944,0.22,0.00,0.22,17831.0,8661.5
0500000US42101,42101,"Philadelphia County, Pennsylvania",1400000US42101025400,42101025400,Philadelphia County - Census Tract 254,Census Tract 254,3920,1999,0.30,0.00,0.30,13189.5,6726.0
0500000US42101,42101,"Philadelphia County, Pennsylvania",1400000US42101025500,42101025500,Philadelphia County - Census Tract 255,Census Tract 255,2571,1148,0.30,0.00,0.30,8686.2,3878.5
0500000US42101,42101,"Philadelphia County, Pennsylvania",1400000US42101025600,42101025600,Philadelphia County - Census Tract 256,Census Tract 256,2742,1191,0.33,0.00,0.33,8219.6,3570.2
0500000US42101,42101,"Philadelphia County, Pennsylvania",1400000US42101025700,42101025700,Philadelphia County - Census Tract 257,Census Tract 257,3463,2052,0.29,0.00,0.29,11987.5,7103.2
0500000US42101,42101,"Philadelphia County, Pennsylvania",1400000US42101025800,42101025800,Philadelphia County - Census Tract 258,Census Tract 258,1681,788,0.23,0.00,0.23,7420.5,3478.5
0500000US42101,42101,"Philadelphia County, Pennsylvania",1400000US42101025900,42101025900,Philadelphia County - Census Tract 259,Census Tract 259,4755,2151,0.21,0.00,0.21,22415.5,10140.0
0500000US42101,42101,"Philadelphia County, Pennsylvania",1400000US42101026000,42101026000,Philadelphia County - Census Tract 260,Census Tract 260,2788,1252,0.21,0.00,0.21,13287.5,5967.0
0500000US42101,42101,"Philadelphia County, Pennsylvania",1400000US42101026100,42101026100,Philadelphia County - Census Tract 261,Census Tract 261,2995,1469,0.25,0.00,0.25,11945.6,5859.1
0500000US42101,42101,"Philadelphia County, Pennsylvania",1400000US42101026200,42101026200,Philadelphia County - Census Tract 262,Census Tract 262,4065,1833,0.21,0.00,0.21,18937.2,8539.2
0500000US42101,42101,"Philadelphia County, Pennsylvania",1400000US42101026301,42101026301,Philadelphia County - Census Tract 263.01,Census Tract 263.01,3840,1623,0.16,0.00,0.16,24475.9,10344.9
0500000US42101,42101,"Philadelphia County, Pennsylvania",1400000US42101026302,42101026302,Philadelphia County - Census Tract 263.02,Census Tract 263.02,5480,2179,0.27,0.00,0.27,20157.5,8015.2
0500000US42101,42101,"Philadelphia County, Pennsylvania",1400000US42101026400,42101026400,Philadelphia County - Census Tract 264,Census Tract 264,5241,2271,0.31,0.00,0.31,17035.4,7381.7
0500000US42101,42101,"Philadelphia County, Pennsylvania",1400000US42101026500,42101026500,Philadelphia County - Census Tract 265,Census Tract 265,4340,1865,0.21,0.00,0.21,20588.6,8847.4
0500000US42101,42101,"Philadelphia County, Pennsylvania",1400000US42101026600,42101026600,Philadelphia County - Census Tract 266,Census Tract 266,6667,2648,0.35,0.00,0.35,18892.5,7503.7
0500000US42101,42101,"Philadelphia County, Pennsylvania",1400000US42101026700,42101026700,Philadelphia County - Census Tract 267,Census Tract 267,6565,2788,0.25,0.00,0.25,26407.8,11214.8
0500000US42101,42101,"Philadelphia County, Pennsylvania",1400000US42101026800,42101026800,Philadelphia County - Census Tract 268,Census Tract 268,4647,2141,0.30,0.00,0.30,15546.5,7162.7
0500000US42101,42101,"Philadelphia County, Pennsylvania",1400000US42101026900,42101026900,Philadelphia County - Census Tract 269,Census Tract 269,2199,744,0.24,0.00,0.24,9265.5,3134.9
0500000US42101,42101,"Philadelphia County, Pennsylvania",1400000US42101027000,42101027000,Philadelphia County - Census Tract 270,Census Tract 270,2326,981,0.25,0.00,0.25,9380.5,3956.3
0500000US42101,42101,"Philadelphia County, Pennsylvania",1400000US42101027100,42101027100,Philadelphia County - Census Tract 271,Census Tract 271,2453,926,0.16,0.02,0.14,17065.9,6442.3
0500000US42101,42101,"Philadelphia County, Pennsylvania",1400000US42101027200,42101027200,Philadelphia County - Census Tract 272,Census Tract 272,4278,1896,0.26,0.00,0.26,16317.0,7231.6
0500000US42101,42101,"Philadelphia County, Pennsylvania",1400000US42101027300,42101027300,Philadelphia County - Census Tract 273,Census Tract 273,6069,2158,0.37,0.01,0.36,16757.4,5958.6
0500000US42101,42101,"Philadelphia County, Pennsylvania",1400000US42101027401,42101027401,Philadelphia County - Census Tract 274.01,Census Tract 274.01,3457,1237,0.13,0.00,0.13,27409.6,9807.8
0500000US42101,42101,"Philadelphia County, Pennsylvania",1400000US42101027402,42101027402,Philadelphia County - Census Tract 274.02,Census Tract 274.02,6800,2393,0.20,0.00,0.20,34441.3,12120.3
0500000US42101,42101,"Philadelphia County, Pennsylvania",1400000US42101027500,42101027500,Philadelphia County - Census Tract 275,Census Tract 275,4489,1666,0.23,0.00,0.23,19159.5,7110.6
0500000US42101,42101,"Philadelphia County, Pennsylvania",1400000US42101027600,42101027600,Philadelphia County - Census Tract 276,Census Tract 276,3600,1805,0.26,0.00,0.26,14047.5,7043.3
0500000US42101,42101,"Philadelphia County, Pennsylvania",1400000US42101027700,42101027700,Philadelphia County - Census Tract 277,Census Tract 277,4788,2311,0.21,0.00,0.21,22862.8,11035.1
0500000US42101,42101,"Philadelphia County, Pennsylvania",1400000US42101027800,42101027800,Philadelphia County - Census Tract 278,Census Tract 278,4481,2203,0.28,0.00,0.28,16014.0,7873.0
0500000US42101,42101,"Philadelphia County, Pennsylvania",1400000US42101027901,42101027901,Philadelphia County - Census Tract 279.01,Census Tract 279.01,3827,1653,0.16,0.00,0.16,23839.3,10296.9
0500000US42101,42101,"Philadelphia County, Pennsylvania",1400000US42101027902,42101027902,Philadelphia County - Census Tract 279.02,Census Tract 279.02,3873,1093,0.34,0.00,0.34,11273.5,3181.5
0500000US42101,42101,"Philadelphia County, Pennsylvania",1400000US42101028000,42101028000,Philadelphia County - Census Tract 280,Census Tract 280,4272,1860,0.28,0.00,0.28,15402.6,6706.2
0500000US42101,42101,"Philadelphia County, Pennsylvania",1400000US42101028100,42101028100,Philadelphia County - Census Tract 281,Census Tract 281,3589,1476,0.19,0.00,0.19,18460.2,7591.9
0500000US42101,42101,"Philadelphia County, Pennsylvania",1400000US42101028200,42101028200,Philadelphia County - Census Tract 282,Census Tract 282,4899,2193,0.33,0.00,0.33,14826.1,6636.8
0500000US42101,42101,"Philadelphia County, Pennsylvania",1400000US42101028300,42101028300,Philadelphia County - Census Tract 283,Census Tract 283,6173,2771,0.26,0.00,0.26,23753.9,10662.9
0500000US42101,42101,"Philadelphia County, Pennsylvania",1400000US42101028400,42101028400,Philadelphia County - Census Tract 284,Census Tract 284,4085,1424,0.19,0.00,0.19,21484.6,7489.4
0500000US42101,42101,"Philadelphia County, Pennsylvania",1400000US42101028500,42101028500,Philadelphia County - Census Tract 285,Census Tract 285,2375,887,0.10,0.00,0.10,23037.8,8604.0
0500000US42101,42101,"Philadelphia County, Pennsylvania",1400000US42101028600,42101028600,Philadelphia County - Census Tract 286,Census Tract 286,7124,2375,0.28,0.00,0.28,25703.4,8569.0
0500000US42101,42101,"Philadelphia County, Pennsylvania",1400000US42101028700,42101028700,Philadelphia County - Census Tract 287,Census Tract 287,2507,878,0.13,0.00,0.13,19042.9,6669.2
0500000US42101,42101,"Philadelphia County, Pennsylvania",1400000US42101028800,42101028800,Philadelphia County - Census Tract 288,Census Tract 288,4245,1442,0.17,0.00,0.17,24874.4,8449.7
0500000US42101,42101,"Philadelphia County, Pennsylvania",1400000US42101028901,42101028901,Philadelphia County - Census Tract 289.01,Census Tract 289.01,3857,1281,0.23,0.00,0.23,16686.7,5542.0
0500000US42101,42101,"Philadelphia County, Pennsylvania",1400000US42101028902,42101028902,Philadelphia County - Census Tract 289.02,Census Tract 289.02,6315,1975,0.30,0.00,0.30,21178.2,6623.4
0500000US42101,42101,"Philadelphia County, Pennsylvania",1400000US42101029000,42101029000,Philadelphia County - Census Tract 290,Census Tract 290,6160,2150,0.32,0.01,0.32,19500.9,6806.3
0500000US42101,42101,"Philadelphia County, Pennsylvania",1400000US42101029100,42101029100,Philadelphia County - Census Tract 291,Census Tract 291,4685,1619,0.51,0.00,0.51,9140.2,3158.6
0500000US42101,42101,"Philadelphia County, Pennsylvania",1400000US42101029200,42101029200,Philadelphia County - Census Tract 292,Census Tract 292,4080,1429,0.68,0.01,0.67,6098.1,2135.8
0500000US42101,42101,"Philadelphia County, Pennsylvania",1400000US42101029300,42101029300,Philadelphia County - Census Tract 293,Census Tract 293,2891,1204,0.26,0.00,0.26,10920.7,4548.1
0500000US42101,42101,"Philadelphia County, Pennsylvania",1400000US42101029400,42101029400,Philadelphia County - Census Tract 294,Census Tract 294,3141,1283,0.25,0.00,0.25,12561.1,5130.8
0500000US42101,42101,"Philadelphia County, Pennsylvania",1400000US42101029800,42101029800,Philadelphia County - Census Tract 298,Census Tract 298,4715,1934,0.25,0.00,0.25,18811.8,7716.2
0500000US42101,42101,"Philadelphia County, Pennsylvania",1400000US42101029900,42101029900,Philadelphia County - Census Tract 299,Census Tract 299,4700,1737,0.23,0.00,0.23,20581.5,7606.4
0500000US42101,42101,"Philadelphia County, Pennsylvania",1400000US42101030000,42101030000,Philadelphia County - Census Tract 300,Census Tract 300,7478,3007,0.35,0.00,0.35,21263.5,8550.3
0500000US42101,42101,"Philadelphia County, Pennsylvania",1400000US42101030100,42101030100,Philadelphia County - Census Tract 301,Census Tract 301,5869,2489,0.28,0.00,0.28,20963.1,8890.3
0500000US42101,42101,"Philadelphia County, Pennsylvania",1400000US42101030200,42101030200,Philadelphia County - Census Tract 302,Census Tract 302,7345,2652,0.35,0.00,0.35,21097.1,7617.4
0500000US42101,42101,"Philadelphia County, Pennsylvania",1400000US42101030501,42101030501,Philadelphia County - Census Tract 305.01,Census Tract 305.01,5231,1918,0.15,0.00,0.15,35901.2,13163.6
0500000US42101,42101,"Philadelphia County, Pennsylvania",1400000US42101030502,42101030502,Philadelphia County - Census Tract 305.02,Census Tract 305.02,5839,2077,0.27,0.00,0.27,21627.5,7693.2
0500000US42101,42101,"Philadelphia County, Pennsylvania",1400000US42101030600,42101030600,Philadelphia County - Census Tract 306,Census Tract 306,7115,2872,0.39,0.00,0.39,18285.2,7380.9
0500000US42101,42101,"Philadelphia County, Pennsylvania",1400000US42101030700,42101030700,Philadelphia County - Census Tract 307,Census Tract 307,3235,1518,0.25,0.00,0.25,12824.9,6018.0
0500000US42101,42101,"Philadelphia County, Pennsylvania",1400000US42101030800,42101030800,Philadelphia County - Census Tract 308,Census Tract 308,4874,1798,0.31,0.00,0.31,15864.7,5852.4
0500000US42101,42101,"Philadelphia County, Pennsylvania",1400000US42101030900,42101030900,Philadelphia County - Census Tract 309,Census Tract 309,3991,1443,0.25,0.00,0.25,16025.5,5794.2
0500000US42101,42101,"Philadelphia County, Pennsylvania",1400000US42101031000,42101031000,Philadelphia County - Census Tract 310,Census Tract 310,6755,2295,0.41,0.00,0.41,16452.1,5589.6
0500000US42101,42101,"Philadelphia County, Pennsylvania",1400000US42101031101,42101031101,Philadelphia County - Census Tract 311.01,Census Tract 311.01,4898,1693,0.14,0.00,0.14,36281.4,12540.7
0500000US42101,42101,"Philadelphia County, Pennsylvania",1400000US42101031102,42101031102,Philadelphia County - Census Tract 311.02,Census Tract 311.02,4465,1505,0.15,0.00,0.15,29058.0,9794.5
0500000US42101,42101,"Philadelphia County, Pennsylvania",1400000US42101031200,42101031200,Philadelphia County - Census Tract 312,Census Tract 312,4673,1698,0.17,0.00,0.17,28163.8,10233.7
0500000US42101,42101,"Philadelphia County, Pennsylvania",1400000US42101031300,42101031300,Philadelphia County - Census Tract 313,Census Tract 313,6945,2384,0.27,0.00,0.27,25293.8,8682.6
0500000US42101,42101,"Philadelphia County, Pennsylvania",1400000US42101031401,42101031401,Philadelphia County - Census Tract 314.01,Census Tract 314.01,6664,2222,0.23,0.00,0.23,29015.2,9674.6
0500000US42101,42101,"Philadelphia County, Pennsylvania",1400000US42101031402,42101031402,Philadelphia County - Census Tract 314.02,Census Tract 314.02,5595,1908,0.22,0.00,0.22,25687.0,8759.8
0500000US42101,42101,"Philadelphia County, Pennsylvania",1400000US42101031501,42101031501,Philadelphia County - Census Tract 315.01,Census Tract 315.01,6217,2419,0.23,0.00,0.23,27419.6,10668.8
0500000US42101,42101,"Philadelphia County, Pennsylvania",1400000US42101031502,42101031502,Philadelphia County - Census Tract 315.02,Census Tract 315.02,4018,1608,0.22,0.00,0.22,18001.3,7204.1
0500000US42101,42101,"Philadelphia County, Pennsylvania",1400000US42101031600,42101031600,Philadelphia County - Census Tract 316,Census Tract 316,6045,2270,0.28,0.00,0.28,21929.3,8234.8
0500000US42101,42101,"Philadelphia County, Pennsylvania",1400000US42101031700,42101031700,Philadelphia County - Census Tract 317,Census Tract 317,6093,2365,0.34,0.00,0.34,17898.4,6947.3
0500000US42101,42101,"Philadelphia County, Pennsylvania",1400000US42101031800,42101031800,Philadelphia County - Census Tract 318,Census Tract 318,4017,1516,0.18,0.00,0.18,22408.4,8456.8
0500000US42101,42101,"Philadelphia County, Pennsylvania",1400000US42101031900,42101031900,Philadelphia County - Census Tract 319,Census Tract 319,4971,1862,0.30,0.00,0.30,16649.5,6236.5
0500000US42101,42101,"Philadelphia County, Pennsylvania",1400000US42101032000,42101032000,Philadelphia County - Census Tract 320,Census Tract 320,6599,2656,0.26,0.00,0.26,25077.2,10093.2
0500000US42101,42101,"Philadelphia County, Pennsylvania",1400000US42101032100,42101032100,Philadelphia County - Census Tract 321,Census Tract 321,3903,1584,0.21,0.00,0.21,18282.2,7419.7
0500000US42101,42101,"Philadelphia County, Pennsylvania",1400000US42101032300,42101032300,Philadelphia County - Census Tract 323,Census Tract 323,3835,1574,0.23,0.00,0.23,16553.2,6793.9
0500000US42101,42101,"Philadelphia County, Pennsylvania",1400000US42101032500,42101032500,Philadelphia County - Census Tract 325,Census Tract 325,5766,2434,0.32,0.00,0.32,17792.8,7510.9
0500000US42101,42101,"Philadelphia County, Pennsylvania",1400000US42101032600,42101032600,Philadelphia County - Census Tract 326,Census Tract 326,6942,2697,0.31,0.00,0.31,22200.0,8624.8
0500000US42101,42101,"Philadelphia County, Pennsylvania",1400000US42101032900,42101032900,Philadelphia County - Census Tract 329,Census Tract 329,4089,1831,0.36,0.01,0.36,11474.9,5138.3
0500000US42101,42101,"Philadelphia County, Pennsylvania",1400000US42101033000,42101033000,Philadelphia County - Census Tract 330,Census Tract 330,7645,2889,0.28,0.00,0.28,27018.1,10210.0
0500000US42101,42101,"Philadelphia County, Pennsylvania",1400000US42101033101,42101033101,Philadelphia County - Census Tract 331.01,Census Tract 331.01,4913,1921,0.19,0.00,0.19,26131.0,10217.3
0500000US42101,42101,"Philadelphia County, Pennsylvania",1400000US42101033102,42101033102,Philadelphia County - Census Tract 331.02,Census Tract 331.02,4145,1833,0.28,0.00,0.28,14946.3,6609.5
0500000US42101,42101,"Philadelphia County, Pennsylvania",1400000US42101033200,42101033200,Philadelphia County - Census Tract 332,Census Tract 332,2741,1034,0.32,0.00,0.32,8569.5,3232.7
0500000US42101,42101,"Philadelphia County, Pennsylvania",1400000US42101033300,42101033300,Philadelphia County - Census Tract 333,Census Tract 333,4244,1772,0.39,0.00,0.39,10866.2,4537.0
0500000US42101,42101,"Philadelphia County, Pennsylvania",1400000US42101033400,42101033400,Philadelphia County - Census Tract 334,Census Tract 334,4734,2025,0.47,0.00,0.47,10062.9,4304.5
0500000US42101,42101,"Philadelphia County, Pennsylvania",1400000US42101033500,42101033500,Philadelphia County - Census Tract 335,Census Tract 335,3680,1444,0.36,0.00,0.36,10109.5,3966.9
0500000US42101,42101,"Philadelphia County, Pennsylvania",1400000US42101033600,42101033600,Philadelphia County - Census Tract 336,Census Tract 336,6866,2999,0.45,0.00,0.45,15414.6,6732.9
0500000US42101,42101,"Philadelphia County, Pennsylvania",1400000US42101033701,42101033701,Philadelphia County - Census Tract 337.01,Census Tract 337.01,5128,2430,0.38,0.00,0.38,13640.9,6464.0
0500000US42101,42101,"Philadelphia County, Pennsylvania",1400000US42101033702,42101033702,Philadelphia County - Census Tract 337.02,Census Tract 337.02,5175,2063,0.41,0.00,0.41,12670.8,5051.2
0500000US42101,42101,"Philadelphia County, Pennsylvania",1400000US42101033800,42101033800,Philadelphia County - Census Tract 338,Census Tract 338,6040,2651,0.54,0.00,0.54,11172.2,4903.6
0500000US42101,42101,"Philadelphia County, Pennsylvania",1400000US42101033900,42101033900,Philadelphia County - Census Tract 339,Census Tract 339,2924,1305,0.44,0.00,0.44,6636.4,2961.9
0500000US42101,42101,"Philadelphia County, Pennsylvania",1400000US42101034000,42101034000,Philadelphia County - Census Tract 340,Census Tract 340,2872,1106,0.30,0.00,0.29,9737.5,3749.9
0500000US42101,42101,"Philadelphia County, Pennsylvania",1400000US42101034100,42101034100,Philadelphia County - Census Tract 341,Census Tract 341,5577,2622,0.51,0.00,0.51,10833.8,5093.5
0500000US42101,42101,"Philadelphia County, Pennsylvania",1400000US42101034200,42101034200,Philadelphia County - Census Tract 342,Census Tract 342,3399,1665,0.39,0.00,0.39,8796.6,4309.0
0500000US42101,42101,"Philadelphia County, Pennsylvania",1400000US42101034400,42101034400,Philadelphia County - Census Tract 344,Census Tract 344,7662,2807,1.32,0.01,1.31,5838.0,2138.8
0500000US42101,42101,"Philadelphia County, Pennsylvania",1400000US42101034501,42101034501,Philadelphia County - Census Tract 345.01,Census Tract 345.01,3370,1932,0.17,0.00,0.17,19505.8,11182.6
0500000US42101,42101,"Philadelphia County, Pennsylvania",1400000US42101034502,42101034502,Philadelphia County - Census Tract 345.02,Census Tract 345.02,5285,2554,0.39,0.00,0.39,13562.4,6554.1
0500000US42101,42101,"Philadelphia County, Pennsylvania",1400000US42101034600,42101034600,Philadelphia County - Census Tract 346,Census Tract 346,2250,1303,0.72,0.00,0.72,3143.8,1820.6
0500000US42101,42101,"Philadelphia County, Pennsylvania",1400000US42101034701,42101034701,Philadelphia County - Census Tract 347.01,Census Tract 347.01,6399,2555,0.44,0.00,0.44,14434.3,5763.3
0500000US42101,42101,"Philadelphia County, Pennsylvania",1400000US42101034702,42101034702,Philadelphia County - Census Tract 347.02,Census Tract 347.02,3807,1475,0.39,0.00,0.39,9702.8,3759.3
0500000US42101,42101,"Philadelphia County, Pennsylvania",1400000US42101034801,42101034801,Philadelphia County - Census Tract 348.01,Census Tract 348.01,4299,1996,0.54,0.00,0.54,8033.7,3730.0
0500000US42101,42101,"Philadelphia County, Pennsylvania",1400000US42101034802,42101034802,Philadelphia County - Census Tract 348.02,Census Tract 348.02,5373,2281,0.48,0.00,0.48,11293.8,4794.6
0500000US42101,42101,"Philadelphia County, Pennsylvania",1400000US42101034803,42101034803,Philadelphia County - Census Tract 348.03,Census Tract 348.03,4390,1794,0.49,0.00,0.49,8942.0,3654.2
0500000US42101,42101,"Philadelphia County, Pennsylvania",1400000US42101034900,42101034900,Philadelphia County - Census Tract 349,Census Tract 349,5543,2732,0.75,0.00,0.75,7384.8,3639.8
0500000US42101,42101,"Philadelphia County, Pennsylvania",1400000US42101035100,42101035100,Philadelphia County - Census Tract 351,Census Tract 351,4086,2462,0.64,0.26,0.39,10609.8,6392.9
0500000US42101,42101,"Philadelphia County, Pennsylvania",1400000US42101035200,42101035200,Philadelphia County - Census Tract 352,Census Tract 352,4482,1828,0.72,0.01,0.71,6314.8,2575.5
0500000US42101,42101,"Philadelphia County, Pennsylvania",1400000US42101035301,42101035301,Philadelphia County - Census Tract 353.01,Census Tract 353.01,5300,2061,0.55,0.01,0.53,9981.6,3881.5
0500000US42101,42101,"Philadelphia County, Pennsylvania",1400000US42101035302,42101035302,Philadelphia County - Census Tract 353.02,Census Tract 353.02,4462,2013,0.59,0.01,0.58,7711.3,3478.9
0500000US42101,42101,"Philadelphia County, Pennsylvania",1400000US42101035500,42101035500,Philadelphia County - Census Tract 355,Census Tract 355,7282,3079,0.88,0.00,0.88,8235.7,3482.3
0500000US42101,42101,"Philadelphia County, Pennsylvania",1400000US42101035601,42101035601,Philadelphia County - Census Tract 356.01,Census Tract 356.01,5439,2525,0.79,0.00,0.78,6940.4,3222.0
0500000US42101,42101,"Philadelphia County, Pennsylvania",1400000US42101035602,42101035602,Philadelphia County - Census Tract 356.02,Census Tract 356.02,3617,1310,0.54,0.00,0.54,6716.0,2432.4
0500000US42101,42101,"Philadelphia County, Pennsylvania",1400000US42101035701,42101035701,Philadelphia County - Census Tract 357.01,Census Tract 357.01,4745,2007,0.23,0.00,0.23,20529.5,8683.4
0500000US42101,42101,"Philadelphia County, Pennsylvania",1400000US42101035702,42101035702,Philadelphia County - Census Tract 357.02,Census Tract 357.02,4405,1821,0.60,0.00,0.60,7317.4,3025.0
0500000US42101,42101,"Philadelphia County, Pennsylvania",1400000US42101035800,42101035800,Philadelphia County - Census Tract 358,Census Tract 358,5948,2347,0.68,0.00,0.68,8764.2,3458.2
0500000US42101,42101,"Philadelphia County, Pennsylvania",1400000US42101035900,42101035900,Philadelphia County - Census Tract 359,Census Tract 359,5309,2242,0.87,0.00,0.87,6125.6,2586.9
0500000US42101,42101,"Philadelphia County, Pennsylvania",1400000US42101036000,42101036000,Philadelphia County - Census Tract 360,Census Tract 360,3201,1188,0.79,0.00,0.79,4057.9,1506.0
0500000US42101,42101,"Philadelphia County, Pennsylvania",1400000US42101036100,42101036100,Philadelphia County - Census Tract 361,Census Tract 361,4083,1628,0.48,0.00,0.48,8594.5,3426.8
0500000US42101,42101,"Philadelphia County, Pennsylvania",1400000US42101036201,42101036201,Philadelphia County - Census Tract 362.01,Census Tract 362.01,4744,2149,0.40,0.01,0.40,11906.7,5393.7
0500000US42101,42101,"Philadelphia County, Pennsylvania",1400000US42101036202,42101036202,Philadelphia County - Census Tract 362.02,Census Tract 362.02,6138,2409,0.43,0.00,0.43,14243.5,5590.2
0500000US42101,42101,"Philadelphia County, Pennsylvania",1400000US42101036203,42101036203,Philadelphia County - Census Tract 362.03,Census Tract 362.03,5129,1923,0.60,0.03,0.57,9003.1,3375.5
0500000US42101,42101,"Philadelphia County, Pennsylvania",1400000US42101036301,42101036301,Philadelphia County - Census Tract 363.01,Census Tract 363.01,3695,1382,0.92,0.03,0.90,4120.2,1541.0
0500000US42101,42101,"Philadelphia County, Pennsylvania",1400000US42101036302,42101036302,Philadelphia County - Census Tract 363.02,Census Tract 363.02,3543,1346,0.19,0.00,0.19,18254.2,6934.9
0500000US42101,42101,"Philadelphia County, Pennsylvania",1400000US42101036303,42101036303,Philadelphia County - Census Tract 363.03,Census Tract 363.03,6726,2519,0.99,0.00,0.99,6815.8,2552.6
0500000US42101,42101,"Philadelphia County, Pennsylvania",1400000US42101036400,42101036400,Philadelphia County - Census Tract 364,Census Tract 364,703,417,1.74,0.00,1.74,404.5,239.9
0500000US42101,42101,"Philadelphia County, Pennsylvania",1400000US42101036501,42101036501,Philadelphia County - Census Tract 365.01,Census Tract 365.01,5562,2458,0.70,0.00,0.70,7932.1,3505.4
0500000US42101,42101,"Philadelphia County, Pennsylvania",1400000US42101036502,42101036502,Philadelphia County - Census Tract 365.02,Census Tract 365.02,4077,1518,0.67,0.00,0.67,6092.5,2268.4
0500000US42101,42101,"Philadelphia County, Pennsylvania",1400000US42101036600,42101036600,Philadelphia County - Census Tract 366,Census Tract 366,1643,1350,0.94,0.55,0.39,4237.1,3481.5
0500000US42101,42101,"Philadelphia County, Pennsylvania",1400000US42101036700,42101036700,Philadelphia County - Census Tract 367,Census Tract 367,2542,1529,0.31,0.00,0.31,8209.5,4938.0
0500000US42101,42101,"Philadelphia County, Pennsylvania",1400000US42101036900,42101036900,Philadelphia County - Census Tract 369,Census Tract 369,6966,708,0.79,0.07,0.72,9704.3,986.3
0500000US42101,42101,"Philadelphia County, Pennsylvania",1400000US42101037200,42101037200,Philadelphia County - Census Tract 372,Census Tract 372,4244,1882,0.40,0.00,0.40,10682.3,4737.1
0500000US42101,42101,"Philadelphia County, Pennsylvania",1400000US42101037300,42101037300,Philadelphia County - Census Tract 373,Census Tract 373,5137,2625,1.06,0.06,0.99,5170.8,2642.3
0500000US42101,42101,"Philadelphia County, Pennsylvania",1400000US42101037500,42101037500,Philadelphia County - Census Tract 375,Census Tract 375,3771,1557,0.40,0.00,0.40,9457.6,3904.9
0500000US42101,42101,"Philadelphia County, Pennsylvania",1400000US42101037600,42101037600,Philadelphia County - Census Tract 376,Census Tract 376,2986,1220,0.28,0.00,0.28,10781.6,4405.1
0500000US42101,42101,"Philadelphia County, Pennsylvania",1400000US42101037700,42101037700,Philadelphia County - Census Tract 377,Census Tract 377,5635,1506,0.28,0.00,0.28,19805.5,5293.2
0500000US42101,42101,"Philadelphia County, Pennsylvania",1400000US42101037800,42101037800,Philadelphia County - Census Tract 378,Census Tract 378,2504,1192,2.20,0.75,1.45,1724.8,821.1
0500000US42101,42101,"Philadelphia County, Pennsylvania",1400000US42101037900,42101037900,Philadelphia County - Census Tract 379,Census Tract 379,5315,2386,0.53,0.00,0.53,10014.9,4495.9
0500000US42101,42101,"Philadelphia County, Pennsylvania",1400000US42101038000,42101038000,Philadelphia County - Census Tract 380,Census Tract 380,2375,960,0.34,0.00,0.34,7033.2,2842.9
0500000US42101,42101,"Philadelphia County, Pennsylvania",1400000US42101038100,42101038100,Philadelphia County - Census Tract 381,Census Tract 381,833,332,1.92,0.63,1.29,646.9,257.8
0500000US42101,42101,"Philadelphia County, Pennsylvania",1400000US42101038200,42101038200,Philadelphia County - Census Tract 382,Census Tract 382,2631,1032,0.72,0.01,0.71,3726.3,1461.6
0500000US42101,42101,"Philadelphia County, Pennsylvania",1400000US42101038300,42101038300,Philadelphia County - Census Tract 383,Census Tract 383,4157,1126,1.18,0.00,1.18,3513.3,951.6
0500000US42101,42101,"Philadelphia County, Pennsylvania",1400000US42101038400,42101038400,Philadelphia County - Census Tract 384,Census Tract 384,2437,1007,0.98,0.00,0.98,2478.3,1024.1
0500000US42101,42101,"Philadelphia County, Pennsylvania",1400000US42101038500,42101038500,Philadelphia County - Census Tract 385,Census Tract 385,1888,939,0.52,0.00,0.52,3652.1,1816.4
0500000US42101,42101,"Philadelphia County, Pennsylvania",1400000US42101038600,42101038600,Philadelphia County - Census Tract 386,Census Tract 386,1320,605,1.29,0.01,1.28,1034.6,474.2
0500000US42101,42101,"Philadelphia County, Pennsylvania",1400000US42101038700,42101038700,Philadelphia County - Census Tract 387,Census Tract 387,2348,735,0.80,0.01,0.79,2961.8,927.2
0500000US42101,42101,"Philadelphia County, Pennsylvania",1400000US42101038800,42101038800,Philadelphia County - Census Tract 388,Census Tract 388,3718,1905,0.54,0.00,0.53,6960.1,3566.2
0500000US42101,42101,"Philadelphia County, Pennsylvania",1400000US42101038900,42101038900,Philadelphia County - Census Tract 389,Census Tract 389,3080,1343,0.49,0.00,0.49,6229.5,2716.3
0500000US42101,42101,"Philadelphia County, Pennsylvania",1400000US42101039000,42101039000,Philadelphia County - Census Tract 390,Census Tract 390,8154,2827,0.78,0.00,0.78,10389.6,3602.1
0500000US42101,42101,"Philadelphia County, Pennsylvania",1400000US42101980000,42101980000,Philadelphia County - Census Tract 9800,Census Tract 9800,601,85,4.03,0.58,3.44,174.5,24.7
0500000US42101,42101,"Philadelphia County, Pennsylvania",1400000US42101980100,42101980100,Philadelphia County - Census Tract 9801,Census Tract 9801,74,46,2.21,0.09,2.11,35.0,21.8
0500000US42101,42101,"Philadelphia County, Pennsylvania",1400000US42101980200,42101980200,Philadelphia County - Census Tract 9802,Census Tract 9802,504,65,2.10,0.10,2.01,251.0,32.4
0500000US42101,42101,"Philadelphia County, Pennsylvania",1400000US42101980300,42101980300,Philadelphia County - Census Tract 9803,Census Tract 9803,2,1,2.94,0.01,2.93,0.7,0.3
0500000US42101,42101,"Philadelphia County, Pennsylvania",1400000US42101980400,42101980400,Philadelphia County - Census Tract 9804,Census Tract 9804,0,0,1.15,0.02,1.13,0.0,0.0
0500000US42101,42101,"Philadelphia County, Pennsylvania",1400000US42101980500,42101980500,Philadelphia County - Census Tract 9805,Census Tract 9805,0,0,0.16,0.01,0.16,0.0,0.0
0500000US42101,42101,"Philadelphia County, Pennsylvania",1400000US42101980600,42101980600,Philadelphia County - Census Tract 9806,Census Tract 9806,0,0,0.50,0.00,0.50,0.0,0.0
0500000US42101,42101,"Philadelphia County, Pennsylvania",1400000US42101980700,42101980700,Philadelphia County - Census Tract 9807,Census Tract 9807,5,1,2.97,0.67,2.30,2.2,0.4
0500000US42101,42101,"Philadelphia County, Pennsylvania",1400000US42101980800,42101980800,Philadelphia County - Census Tract 9808,Census Tract 9808,6,4,0.83,0.02,0.81,7.4,4.9
0500000US42101,42101,"Philadelphia County, Pennsylvania",1400000US42101980900,42101980900,Philadelphia County - Census Tract 9809,Census Tract 9809,30,20,7.99,1.34,6.65,4.5,3.0
0500000US42101,42101,"Philadelphia County, Pennsylvania",1400000US42101989100,42101989100,Philadelphia County - Census Tract 9891,Census Tract 9891,7765,0,1.67,0.64,1.03,7546.5,0.0
